{"version":"4.5.0","dateExport":1714394223382,"key":"1E21E90B41E137AA688300968A144887","bot":{"uuid":"59375246-da58-427a-8ccd-fc26b11425b3","name":"Whatsapp-meta-template-interfaces","description":"","industry":"","locale":"en-US","nlpEngines":[{"id":158,"engine":"Clever","metadata":"{\"nlpUUID\":\"af46d3fd0a0048058ff0460b20fee321\",\"lang\":\"en-US\",\"key\":1712577177450}","createdAt":null,"updatedAt":null}],"botAnalyticApiKey":"","image":null,"imageContentType":null},"channels":[{"uuid":"56ea952a-702a-4d6c-a5d5-ce0cc5c8083d","name":"web","description":"","typeId":19,"websnippet":null},{"uuid":"643b1d31-2ad0-4c31-a3c9-79e25fcc845d","name":"whatsapp","description":"","typeId":22,"websnippet":null},{"uuid":"54d768d9-0192-4c8e-b8c2-8330839c90d1","name":"ALL","description":null,"typeId":23,"websnippet":null}],"configurations":[{"uuid":"3f50c921-1334-43c0-926b-2670b7c51810","key":"al.confidence.min","value":"50","description":"Minimal confidence in automated learning responses","enabled":true,"erasable":false},{"uuid":"5c601dfd-4272-4577-9ec9-361f1b452190","key":"al.enabled","value":"0","description":"When this setting has a value of true, the automated learning functionality is enabled.","enabled":true,"erasable":false},{"uuid":"f0207bed-b749-40bc-a284-35726bd598c0","key":"confidence.min","value":"50","description":"","enabled":true,"erasable":false},{"uuid":"56530e38-37b2-451e-b567-9f15bb0fd75f","key":"utterance.completetions.enabled","value":"0","description":"When this setting has a value of true, the utterance completetions functionality is enabled.","enabled":true,"erasable":false}],"intents":[],"entities":{"entities":[{"id":"7cc1f75c-3ed8-4b12-ab2a-5e27b2ddbdfb","name":"buttonoption1","enabled":false,"values":[{"id":"fd2191d3-96e0-4b02-8814-2c77de4bc954","value":"value1_","type":"Synonym","samples":[{"id":"575a7a9b-f8df-4f53-89e2-8518ffb04caa","value":"value1 "},{"id":"c93ff909-9aa3-4011-99df-1881c2c1c4bb","value":"ButtonName3"}]},{"id":"d76da001-438d-4865-a6dc-0608364f7782","value":"value2_","type":"Synonym","samples":[{"id":"004877d8-655e-417a-b668-2f30d5c5c7fb","value":"value2"},{"id":"8839d020-ebc0-4e1d-9c62-43eedb6cdd97","value":"ButtonName2"}]},{"id":"6ad9ff7b-54af-4892-a115-9ff773ca4ebc","value":"value3_","type":"Synonym","samples":[{"id":"3dec0849-4942-435b-b30a-2c984feba534","value":"ButtonName1"},{"id":"a373c457-267c-4ef4-8eff-0c12749843ce","value":"value3"}]}],"metadata":null}],"systemEntities":[],"newNlpEngineId":null},"answers":[{"id":"21d08776-9096-4c6c-aa60-216927d20668","name":"echo 2","description":"","evaluable":0,"transactional":0,"webhook":"","type":"ANSWER","headers":"[]","answerTemplates":[{"id":"387c69a3-cae1-4834-8fc5-a3e5d7de0f73","content":{"content":"echo second message: $text\nstored value is $visibleContext.firstInput","description":null,"type":"TEXT_OPTIONS","buttons":[],"quickReply":[],"name":null},"type":"TEXT_OPTIONS","channelTypeId":22,"channelId":"643b1d31-2ad0-4c31-a3c9-79e25fcc845d","technicalText":""}],"executionLimit":null,"rephraseEnabled":false,"rephrasingTemperature":0.7,"rephrasingMemory":2,"rephrasingBlacklist":""},{"id":"2cbda22b-2ad6-4b10-a2f5-c167213d53ab","name":"image without caption","description":"","evaluable":0,"transactional":0,"webhook":"","type":"ANSWER","headers":"[]","answerTemplates":[{"id":"ae8752d5-9649-40ad-bd62-87753f635fd2","content":{"content":" ","description":null,"type":"TEXT_OPTIONS","buttons":[],"quickReply":[],"name":null},"type":"TEXT_OPTIONS","channelTypeId":22,"channelId":"643b1d31-2ad0-4c31-a3c9-79e25fcc845d","technicalText":"{\n\"type\":\"image\",\n\"link\":\"https://picsum.photos/200/300\"\n}"}],"executionLimit":null,"rephraseEnabled":false,"rephrasingTemperature":0.7,"rephrasingMemory":2,"rephrasingBlacklist":""},{"id":"30d3a1df-a761-417a-9c4f-dc50b94979a8","name":"show button interaction","description":"","evaluable":0,"transactional":0,"webhook":"","type":"ANSWER","headers":"[]","answerTemplates":[{"id":"2ae81f55-fba3-4733-b623-a2f1d7b8e412","content":{"content":"Value Received:\n$visibleContext.buttoninteraction","description":null,"type":"TEXT_OPTIONS","buttons":[],"quickReply":[],"name":null},"type":"TEXT_OPTIONS","channelTypeId":22,"channelId":"643b1d31-2ad0-4c31-a3c9-79e25fcc845d","technicalText":""}],"executionLimit":null,"rephraseEnabled":false,"rephrasingTemperature":0.7,"rephrasingMemory":2,"rephrasingBlacklist":""},{"id":"3926412e-f672-4b7c-9b06-b442edefcc42","name":"location message","description":"","evaluable":0,"transactional":0,"webhook":"","type":"ANSWER","headers":"[]","answerTemplates":[{"id":"5660b000-6b96-4f2b-a8d6-bfadfbd509ec","content":{"content":"Location message not implemented yet","description":null,"type":"TEXT_OPTIONS","buttons":[],"quickReply":[],"name":null},"type":"TEXT_OPTIONS","channelTypeId":22,"channelId":"643b1d31-2ad0-4c31-a3c9-79e25fcc845d","technicalText":""}],"executionLimit":null,"rephraseEnabled":false,"rephrasingTemperature":0.7,"rephrasingMemory":2,"rephrasingBlacklist":""},{"id":"3e578b38-12da-40d5-8e36-0a6fb30583c0","name":"buttons","description":"","evaluable":0,"transactional":0,"webhook":"","type":"ANSWER","headers":"[]","answerTemplates":[{"id":"847a75de-8515-4e8b-a60f-39f1d7dff49f","content":{"content":"Texto Body","description":null,"type":"TEXT_OPTIONS","buttons":[{"name":"ButtonName1","value":"value1"},{"name":"ButtonName2","value":"value2"},{"name":"ButtonName3","value":"value3"}],"quickReply":[],"name":null},"type":"TEXT_OPTIONS","channelTypeId":22,"channelId":"643b1d31-2ad0-4c31-a3c9-79e25fcc845d","technicalText":""}],"executionLimit":null,"rephraseEnabled":false,"rephrasingTemperature":0.7,"rephrasingMemory":2,"rephrasingBlacklist":""},{"id":"435299e2-495d-4753-b189-ebc0759eb303","name":"ButtonValue3","description":"","evaluable":0,"transactional":0,"webhook":"","type":"ANSWER","headers":"[]","answerTemplates":[{"id":"3a00c9a0-fd68-40cd-9782-ddbda4d0b860","content":{"content":"ButtonValue3  flow message","description":null,"type":"TEXT_OPTIONS","buttons":[],"quickReply":[],"name":null},"type":"TEXT_OPTIONS","channelTypeId":22,"channelId":"643b1d31-2ad0-4c31-a3c9-79e25fcc845d","technicalText":""}],"executionLimit":null,"rephraseEnabled":false,"rephrasingTemperature":0.7,"rephrasingMemory":2,"rephrasingBlacklist":""},{"id":"4be58903-bfd7-414c-8777-f9a3e74b6b9c","name":"new user","description":"","evaluable":0,"transactional":0,"webhook":"","type":"ANSWER","headers":"[]","answerTemplates":[{"id":"107bb9b9-4288-478d-8de7-8bf2267d6514","content":{"content":"New user session created:\nKeywords:\n* Image\n* Video\n* Hyperlink\n* Audio\n* List\n* Buttons\n* Template1\n* Template2\n\nAny other text will be echo\n \n","description":null,"type":"TEXT_OPTIONS","buttons":[],"quickReply":[],"name":null},"type":"TEXT_OPTIONS","channelTypeId":22,"channelId":"643b1d31-2ad0-4c31-a3c9-79e25fcc845d","technicalText":""}],"executionLimit":null,"rephraseEnabled":false,"rephrasingTemperature":0.7,"rephrasingMemory":2,"rephrasingBlacklist":""},{"id":"61d334c7-93ae-46c7-9859-21b914ab04b1","name":" c","description":"","evaluable":0,"transactional":0,"webhook":"","type":"ANSWER","headers":"[]","answerTemplates":[{"id":"8d0fcc9c-4dbf-4890-994f-c7fe06f2a88b","content":{"content":"xzc","description":null,"type":"TEXT_OPTIONS","buttons":[],"quickReply":[],"name":null},"type":"TEXT_OPTIONS","channelTypeId":23,"channelId":"54d768d9-0192-4c8e-b8c2-8330839c90d1","technicalText":""}],"executionLimit":null,"rephraseEnabled":false,"rephrasingTemperature":0.7,"rephrasingMemory":2,"rephrasingBlacklist":""},{"id":"6b9bc27b-a10f-463e-aa67-35bdb79e89ca","name":"ButtonValue2","description":"","evaluable":0,"transactional":0,"webhook":"","type":"ANSWER","headers":"[]","answerTemplates":[{"id":"5a5ed951-5f91-43cc-aa1c-0ddda6165cb5","content":{"content":"ButtonValue2  flow message","description":null,"type":"TEXT_OPTIONS","buttons":[],"quickReply":[],"name":null},"type":"TEXT_OPTIONS","channelTypeId":22,"channelId":"643b1d31-2ad0-4c31-a3c9-79e25fcc845d","technicalText":""}],"executionLimit":null,"rephraseEnabled":false,"rephrasingTemperature":0.7,"rephrasingMemory":2,"rephrasingBlacklist":""},{"id":"6dcf20a6-8d32-4d58-8d34-c43ee92dcfa1","name":"send image with text","description":"","evaluable":0,"transactional":0,"webhook":"","type":"ANSWER","headers":"[]","answerTemplates":[{"id":"98c596b0-f360-47c4-99da-23de78fdd874","content":{"content":"caption","description":null,"type":"TEXT_OPTIONS","buttons":[],"quickReply":[],"name":null},"type":"TEXT_OPTIONS","channelTypeId":22,"channelId":"643b1d31-2ad0-4c31-a3c9-79e25fcc845d","technicalText":"{\n\"link\": \n}"}],"executionLimit":null,"rephraseEnabled":false,"rephrasingTemperature":0.7,"rephrasingMemory":2,"rephrasingBlacklist":""},{"id":"8c24b5be-1ead-4a50-9cbb-a2d9b756025f","name":"image caption","description":"","evaluable":0,"transactional":0,"webhook":"","type":"ANSWER","headers":"[]","answerTemplates":[{"id":"8e93be43-e184-4221-828b-0e56e08a642d","content":{"content":"This is the image caption","description":null,"type":"TEXT_OPTIONS","buttons":[],"quickReply":[],"name":null},"type":"TEXT_OPTIONS","channelTypeId":22,"channelId":"643b1d31-2ad0-4c31-a3c9-79e25fcc845d","technicalText":"{\n\"type\":\"image\",\n\"link\":\"https://picsum.photos/200/300\"\n}"}],"executionLimit":null,"rephraseEnabled":false,"rephrasingTemperature":0.7,"rephrasingMemory":2,"rephrasingBlacklist":""},{"id":"8e62363d-c9b8-4382-8e98-57085531ffcf","name":"select the value","description":"","evaluable":0,"transactional":0,"webhook":"","type":"ANYTHING_ELSE","headers":"[]","answerTemplates":[{"id":"9bf4ef42-330d-48f5-8e73-ddfd8ea3e004","content":{"content":"Only the SECTION_2_ROW_1_ID is implement, so please select that value","description":null,"type":"TEXT_OPTIONS","buttons":[],"quickReply":[],"name":null},"type":"TEXT_OPTIONS","channelTypeId":22,"channelId":"643b1d31-2ad0-4c31-a3c9-79e25fcc845d","technicalText":""}],"executionLimit":5,"rephraseEnabled":false,"rephrasingTemperature":0.7,"rephrasingMemory":2,"rephrasingBlacklist":""},{"id":"8eac046c-dc96-4d9f-98db-e7379419ca49","name":"echoNotExpected","description":"","evaluable":0,"transactional":0,"webhook":"","type":"ANYTHING_ELSE","headers":"[]","answerTemplates":[{"id":"4ed71480-ea53-40a8-b038-f132fdadca5d","content":{"content":"Value receive: $text\nWaiting for button selection","description":null,"type":"TEXT_OPTIONS","buttons":[],"quickReply":[],"name":null},"type":"TEXT_OPTIONS","channelTypeId":22,"channelId":"643b1d31-2ad0-4c31-a3c9-79e25fcc845d","technicalText":""}],"executionLimit":5,"rephraseEnabled":false,"rephrasingTemperature":0.7,"rephrasingMemory":2,"rephrasingBlacklist":""},{"id":"9e000343-2faf-4c1b-a67f-7678361dc3c7","name":"audio message","description":"","evaluable":0,"transactional":0,"webhook":"","type":"ANSWER","headers":"[]","answerTemplates":[{"id":"af4bdb11-8017-45ae-9867-cbf9070c50a6","content":{"content":"Audio message not implemented yet","description":null,"type":"TEXT_OPTIONS","buttons":[],"quickReply":[],"name":null},"type":"TEXT_OPTIONS","channelTypeId":22,"channelId":"643b1d31-2ad0-4c31-a3c9-79e25fcc845d","technicalText":""}],"executionLimit":null,"rephraseEnabled":false,"rephrasingTemperature":0.7,"rephrasingMemory":2,"rephrasingBlacklist":""},{"id":"a364c62d-22b5-45c0-9237-02f0b5792b7d","name":"send image","description":"","evaluable":0,"transactional":0,"webhook":"","type":"ANSWER","headers":"[]","answerTemplates":[{"id":"9bdfe1b3-3494-437d-9927-43e71a2cedf5","content":{"content":"This is the description or comment on the image","description":null,"type":"TEXT_OPTIONS","buttons":[],"quickReply":[],"name":null},"type":"TEXT_OPTIONS","channelTypeId":22,"channelId":"643b1d31-2ad0-4c31-a3c9-79e25fcc845d","technicalText":"{\n\"type\":\"image\",\n\"link\":\"https://picsum.photos/200/300\"\n}"}],"executionLimit":null,"rephraseEnabled":false,"rephrasingTemperature":0.7,"rephrasingMemory":2,"rephrasingBlacklist":""},{"id":"a8e2c43e-d5e2-49b6-8dc3-e55310555955","name":"ButtonValue1","description":"","evaluable":0,"transactional":0,"webhook":"","type":"ANSWER","headers":"[]","answerTemplates":[{"id":"7a9b075a-e625-4898-ae65-d5ce871fb092","content":{"content":"ButtonValue1 flow message","description":null,"type":"TEXT_OPTIONS","buttons":[],"quickReply":[],"name":null},"type":"TEXT_OPTIONS","channelTypeId":22,"channelId":"643b1d31-2ad0-4c31-a3c9-79e25fcc845d","technicalText":""}],"executionLimit":null,"rephraseEnabled":false,"rephrasingTemperature":0.7,"rephrasingMemory":2,"rephrasingBlacklist":""},{"id":"ab0e8702-cdc7-45a2-b987-cabba25fb359","name":"echo","description":"","evaluable":0,"transactional":0,"webhook":"","type":"ANSWER","headers":"[]","answerTemplates":[{"id":"b0c89b90-d6bd-4aec-a43d-bdf180640088","content":{"content":"Text message. \necho: $text","description":null,"type":"TEXT_OPTIONS","buttons":[],"quickReply":[],"name":null},"type":"TEXT_OPTIONS","channelTypeId":22,"channelId":"643b1d31-2ad0-4c31-a3c9-79e25fcc845d","technicalText":""}],"executionLimit":null,"rephraseEnabled":false,"rephrasingTemperature":0.7,"rephrasingMemory":2,"rephrasingBlacklist":""},{"id":"b13f237a-5968-4a30-bc53-dc0fa9241787","name":"template message","description":"","evaluable":0,"transactional":0,"webhook":"","type":"ANSWER","headers":"[]","answerTemplates":[{"id":"5e27a5f1-254e-40e5-aaf3-a7dfd3446163","content":{"content":" ","description":null,"type":"TEXT_OPTIONS","buttons":[],"quickReply":[],"name":null},"type":"TEXT_OPTIONS","channelTypeId":22,"channelId":"643b1d31-2ad0-4c31-a3c9-79e25fcc845d","technicalText":"{\n \"type\": \"template\",\n  \"template\": {\n    \"namespace\": \"\",\n    \"name\": \"hello_world\",\n    \"language\": {\n      \"policy\": \"deterministic\",\n      \"code\": \"en_US\"\n    },\n    \"components\": [\n      {\n        \"type\": \"body\",\n        \"parameters\": []\n      }\n    ]\n  }\n}"}],"executionLimit":null,"rephraseEnabled":false,"rephrasingTemperature":0.7,"rephrasingMemory":2,"rephrasingBlacklist":""},{"id":"c58b45c0-49e0-4fc0-ad2a-41a8c830852e","name":"Video message","description":"","evaluable":0,"transactional":0,"webhook":"","type":"ANSWER","headers":"[]","answerTemplates":[{"id":"99c98923-e62c-4820-b28e-31c55313dada","content":{"content":"Caption is optional","description":null,"type":"TEXT_OPTIONS","buttons":[],"quickReply":[],"name":null},"type":"TEXT_OPTIONS","channelTypeId":22,"channelId":"643b1d31-2ad0-4c31-a3c9-79e25fcc845d","technicalText":"{\n\"type\":\"video\",\n\"link\":\"http://commondatastorage.googleapis.com/gtv-videos-bucket/sample/WeAreGoingOnBullrun.mp4\"\n}"}],"executionLimit":null,"rephraseEnabled":false,"rephrasingTemperature":0.7,"rephrasingMemory":2,"rephrasingBlacklist":""},{"id":"cc3c3925-3fe4-420a-a9b6-bc7d5f6debca","name":"selection ","description":"","evaluable":0,"transactional":0,"webhook":"","type":"ANSWER","headers":"[]","answerTemplates":[{"id":"fcf1d47c-cf85-4da2-ad15-7e8b638cec4e","content":{"content":"you have selected the implemented ID SECTION_2_ROW_1_ID","description":null,"type":"TEXT_OPTIONS","buttons":[],"quickReply":[],"name":null},"type":"TEXT_OPTIONS","channelTypeId":22,"channelId":"643b1d31-2ad0-4c31-a3c9-79e25fcc845d","technicalText":""}],"executionLimit":null,"rephraseEnabled":false,"rephrasingTemperature":0.7,"rephrasingMemory":2,"rephrasingBlacklist":""},{"id":"da8e509a-43e5-4e31-ae9b-3b8d22b6d48c","name":"MENU LIST","description":"","evaluable":0,"transactional":0,"webhook":"","type":"ANSWER","headers":"[]","answerTemplates":[{"id":"b3c40823-a9b6-4a1d-84e8-8a0b506968d4","content":{"content":" ","description":null,"type":"TEXT_OPTIONS","buttons":[],"quickReply":[],"name":null},"type":"TEXT_OPTIONS","channelTypeId":22,"channelId":"643b1d31-2ad0-4c31-a3c9-79e25fcc845d","technicalText":"{\n\"interactive\": {\n    \"type\": \"list\",\n    \"header\": {\n      \"type\": \"text\",\n      \"text\": \"HEADER_TEXT\"\n    },\n    \"body\": {\n      \"text\": \"BODY_TEXT\"\n    },\n    \"footer\": {\n      \"text\": \"FOOTER_TEXT\"\n    },\n    \"action\": {\n      \"button\": \"BUTTON_TEXT\",\n      \"sections\": [\n        {\n          \"title\": \"SECTION_1_TITLE\",\n          \"rows\": [\n            {\n              \"id\": \"SECTION_1_ROW_1_ID\",\n              \"title\": \"SECTION_1_ROW_1_TITLE\",\n              \"description\": \"SECTION_1_ROW_1_DESCRIPTION\"\n            },\n            {\n              \"id\": \"SECTION_1_ROW_2_ID\",\n              \"title\": \"SECTION_1_ROW_2_TITLE\",\n              \"description\": \"SECTION_1_ROW_2_DESCRIPTION\"\n            }\n          ]\n        },\n        {\n          \"title\": \"SECTION_2_TITLE\",\n          \"rows\": [\n            {\n              \"id\": \"SECTION_2_ROW_1_ID\",\n              \"title\": \"SECTION_2_ROW_1_TITLE\",\n              \"description\": \"SECTION_2_ROW_1_DESCRIPTION\"\n            },\n            {\n              \"id\": \"SECTION_2_ROW_2_ID\",\n              \"title\": \"SECTION_2_ROW_2_TITLE\",\n              \"description\": \"SECTION_2_ROW_2_DESCRIPTION\"\n            }\n          ]\n        }\n      ]\n    }\n  }\n}"}],"executionLimit":null,"rephraseEnabled":false,"rephrasingTemperature":0.7,"rephrasingMemory":2,"rephrasingBlacklist":""},{"id":"e1fa42ee-56f4-44fe-b5f9-af42aded885d","name":"ending message","description":"","evaluable":0,"transactional":0,"webhook":"","type":"ANSWER","headers":"[]","answerTemplates":[{"id":"77a2aa0f-f508-4fe1-8e2a-caa9f5ad5a0a","content":{"content":"This is third message after 2 pictures, one without caption, one with caption","description":null,"type":"TEXT_OPTIONS","buttons":[],"quickReply":[],"name":null},"type":"TEXT_OPTIONS","channelTypeId":23,"channelId":"54d768d9-0192-4c8e-b8c2-8330839c90d1","technicalText":""}],"executionLimit":null,"rephraseEnabled":false,"rephrasingTemperature":0.7,"rephrasingMemory":2,"rephrasingBlacklist":""},{"id":"ea209dad-bf63-42b8-9237-cb504395a9fe","name":"hyperlink ","description":"","evaluable":0,"transactional":0,"webhook":"","type":"ANSWER","headers":"[]","answerTemplates":[{"id":"e8bf539e-89f6-4bd5-969a-fcc5dbd6f5d1","content":{"content":"https://youtu.be/wIPQXKGMIvs?si=fs3VNl_JX77jJQfh","description":null,"type":"TEXT_OPTIONS","buttons":[],"quickReply":[],"name":null},"type":"TEXT_OPTIONS","channelTypeId":22,"channelId":"643b1d31-2ad0-4c31-a3c9-79e25fcc845d","technicalText":""}],"executionLimit":null,"rephraseEnabled":false,"rephrasingTemperature":0.7,"rephrasingMemory":2,"rephrasingBlacklist":""}],"transactionalServices":{"transactionalServices":[],"restConnectors":[]},"generativeServices":[],"inputs":[{"uuid":"816572b8-8bdb-424c-af5d-eb4e14dacd72","description":"","callToAction":"","pattern":"","rememberInput":false,"typeName":"EMPTY","stored":""},{"uuid":"89600a32-9dfe-4218-8aa2-431b58762bcd","description":"","callToAction":"","pattern":"","rememberInput":false,"typeName":"EMPTY","stored":""},{"uuid":"9667ade8-3ee3-4108-823a-8206fd069f45","description":"","callToAction":"","pattern":"","rememberInput":true,"typeName":"EMPTY","stored":"firstInput"},{"uuid":"bba9d9fa-840b-4691-acdd-6c587721c5f5","description":"","callToAction":"","pattern":"","rememberInput":true,"typeName":"EMPTY","stored":"firstInput"},{"uuid":"cd1b0fc3-57b1-4c0f-95a3-f63ed2439887","description":"","callToAction":"","pattern":"","rememberInput":false,"typeName":"EMPTY","stored":""},{"uuid":"e678f600-04d3-47b6-bee2-f8bb3dd5a2fc","description":"","callToAction":"","pattern":"","rememberInput":true,"typeName":"EMPTY","stored":"buttoninteraction"}],"flows":[{"uuid":"fe959f56-dbe3-447f-9136-80f051f0b594","name":"not expected","description":"","type":"not_expected","modelVersion":"V5","enabled":true,"createdBy":"e368f662-8b25-44e6-9a14-fccb9da24261","editors":[{"uuid":"e368f662-8b25-44e6-9a14-fccb9da24261","lastModified":true,"lastEdition":1714393617723}],"jumpFrom":null,"cell":{"uuid":"95d0d72f-221f-4b1a-b37c-3d665caf6ac7","cellFirst":true,"cellParentUUID":"","buttonParentUUID":"","flowUUID":"fe959f56-dbe3-447f-9136-80f051f0b594","draftText":null,"cellName":"START","cellType":"start","modelVersion":"V5","cellEnable":true,"expressionCode":"START","objectRef":null,"editor":{"uuid":"e368f662-8b25-44e6-9a14-fccb9da24261","lastModified":true,"lastEdition":1712600418494},"jumpTo":null,"jumpFrom":[],"tags":[],"executionLimit":null,"children":[{"uuid":"2a87d057-d1ee-4d43-b8cb-61e4d8ae9bcf","cellFirst":false,"cellParentUUID":"95d0d72f-221f-4b1a-b37c-3d665caf6ac7","buttonParentUUID":"","flowUUID":"fe959f56-dbe3-447f-9136-80f051f0b594","draftText":null,"cellName":"ANYTHING ELSE","cellType":"anything_else","modelVersion":null,"cellEnable":true,"expressionCode":null,"objectRef":null,"editor":{"uuid":"e368f662-8b25-44e6-9a14-fccb9da24261","lastModified":true,"lastEdition":1713636194572},"jumpTo":null,"jumpFrom":[],"tags":[],"executionLimit":0,"children":[],"options":[],"description":null,"template":null},{"uuid":"06563333-edb2-4c0d-8bf4-ec0d398c00e5","cellFirst":false,"cellParentUUID":"95d0d72f-221f-4b1a-b37c-3d665caf6ac7","buttonParentUUID":"","flowUUID":"fe959f56-dbe3-447f-9136-80f051f0b594","draftText":null,"cellName":"ASK Image","cellType":"rule","modelVersion":"V5","cellEnable":true,"expressionCode":"ASK Image","objectRef":null,"editor":{"uuid":"e368f662-8b25-44e6-9a14-fccb9da24261","lastModified":true,"lastEdition":1713659311762},"jumpTo":null,"jumpFrom":[],"tags":[],"executionLimit":0,"children":[{"uuid":"68690940-1411-4d24-b3d4-6c6c82512031","cellFirst":false,"cellParentUUID":"06563333-edb2-4c0d-8bf4-ec0d398c00e5","buttonParentUUID":"","flowUUID":"fe959f56-dbe3-447f-9136-80f051f0b594","draftText":null,"cellName":"image without caption","cellType":"answer","modelVersion":"V5","cellEnable":true,"expressionCode":"image without caption","objectRef":"2cbda22b-2ad6-4b10-a2f5-c167213d53ab","editor":{"uuid":"e368f662-8b25-44e6-9a14-fccb9da24261","lastModified":true,"lastEdition":1713694072255},"jumpTo":null,"jumpFrom":[],"tags":[],"executionLimit":0,"children":[{"uuid":"ba1e2127-bcd0-4d6d-a9d3-9821437b0850","cellFirst":false,"cellParentUUID":"68690940-1411-4d24-b3d4-6c6c82512031","buttonParentUUID":"","flowUUID":"fe959f56-dbe3-447f-9136-80f051f0b594","draftText":null,"cellName":"image caption","cellType":"answer","modelVersion":"V5","cellEnable":true,"expressionCode":"image caption","objectRef":"8c24b5be-1ead-4a50-9cbb-a2d9b756025f","editor":{"uuid":"e368f662-8b25-44e6-9a14-fccb9da24261","lastModified":true,"lastEdition":1713694094263},"jumpTo":null,"jumpFrom":[],"tags":[],"executionLimit":0,"children":[{"uuid":"c1ce9c5f-2a7f-4311-9d51-2287b57ae07a","cellFirst":false,"cellParentUUID":"ba1e2127-bcd0-4d6d-a9d3-9821437b0850","buttonParentUUID":"","flowUUID":"fe959f56-dbe3-447f-9136-80f051f0b594","draftText":null,"cellName":"ending message","cellType":"answer","modelVersion":"V5","cellEnable":true,"expressionCode":"ending message","objectRef":"e1fa42ee-56f4-44fe-b5f9-af42aded885d","editor":{"uuid":"e368f662-8b25-44e6-9a14-fccb9da24261","lastModified":true,"lastEdition":1713694210734},"jumpTo":null,"jumpFrom":[],"tags":[],"executionLimit":null,"children":[],"options":[],"description":"","template":null}],"options":[],"description":"","template":""}],"options":[],"description":"","template":""}],"options":[],"description":"","template":"( text == \"Image\" )"},{"uuid":"5743e920-2852-44a0-8e56-9873667ceac1","cellFirst":false,"cellParentUUID":"95d0d72f-221f-4b1a-b37c-3d665caf6ac7","buttonParentUUID":"","flowUUID":"fe959f56-dbe3-447f-9136-80f051f0b594","draftText":null,"cellName":"audio","cellType":"rule","modelVersion":"V5","cellEnable":true,"expressionCode":"audio","objectRef":null,"editor":{"uuid":"e368f662-8b25-44e6-9a14-fccb9da24261","lastModified":true,"lastEdition":1713648875090},"jumpTo":null,"jumpFrom":[],"tags":[],"executionLimit":null,"children":[{"uuid":"cb37de8f-99d1-4711-8a53-c542d47a31f8","cellFirst":false,"cellParentUUID":"5743e920-2852-44a0-8e56-9873667ceac1","buttonParentUUID":"","flowUUID":"fe959f56-dbe3-447f-9136-80f051f0b594","draftText":null,"cellName":"audio message","cellType":"answer","modelVersion":"V5","cellEnable":true,"expressionCode":"audio message","objectRef":"9e000343-2faf-4c1b-a67f-7678361dc3c7","editor":{"uuid":"e368f662-8b25-44e6-9a14-fccb9da24261","lastModified":true,"lastEdition":1714393597908},"jumpTo":null,"jumpFrom":[],"tags":[],"executionLimit":null,"children":[],"options":[],"description":"","template":null}],"options":[],"description":"","template":"(text == \"audio\")"},{"uuid":"e13bf568-a419-43d4-be2c-de8f8c99b8ec","cellFirst":false,"cellParentUUID":"95d0d72f-221f-4b1a-b37c-3d665caf6ac7","buttonParentUUID":"","flowUUID":"fe959f56-dbe3-447f-9136-80f051f0b594","draftText":null,"cellName":"location","cellType":"rule","modelVersion":"V5","cellEnable":true,"expressionCode":"location","objectRef":null,"editor":{"uuid":"e368f662-8b25-44e6-9a14-fccb9da24261","lastModified":true,"lastEdition":1713648921677},"jumpTo":null,"jumpFrom":[],"tags":[],"executionLimit":null,"children":[{"uuid":"c3c86ed5-b396-45e9-9b5b-4645b3ef93aa","cellFirst":false,"cellParentUUID":"e13bf568-a419-43d4-be2c-de8f8c99b8ec","buttonParentUUID":"","flowUUID":"fe959f56-dbe3-447f-9136-80f051f0b594","draftText":null,"cellName":"location message","cellType":"answer","modelVersion":"V5","cellEnable":true,"expressionCode":"location message","objectRef":"3926412e-f672-4b7c-9b06-b442edefcc42","editor":{"uuid":"e368f662-8b25-44e6-9a14-fccb9da24261","lastModified":true,"lastEdition":1714393617723},"jumpTo":null,"jumpFrom":[],"tags":[],"executionLimit":null,"children":[],"options":[],"description":"","template":null}],"options":[],"description":"","template":"(text==\"location\")"},{"uuid":"32e47380-3566-4cfb-a0ee-bd79127409df","cellFirst":false,"cellParentUUID":"95d0d72f-221f-4b1a-b37c-3d665caf6ac7","buttonParentUUID":"","flowUUID":"fe959f56-dbe3-447f-9136-80f051f0b594","draftText":null,"cellName":"ASK List","cellType":"rule","modelVersion":"V5","cellEnable":true,"expressionCode":"ASK List","objectRef":null,"editor":{"uuid":"e368f662-8b25-44e6-9a14-fccb9da24261","lastModified":true,"lastEdition":1713659292528},"jumpTo":null,"jumpFrom":[],"tags":[],"executionLimit":0,"children":[{"uuid":"18cfcce7-a316-4365-b7f7-2ff31a30e134","cellFirst":false,"cellParentUUID":"32e47380-3566-4cfb-a0ee-bd79127409df","buttonParentUUID":"","flowUUID":"fe959f56-dbe3-447f-9136-80f051f0b594","draftText":null,"cellName":"MENU LIST","cellType":"answer","modelVersion":"V5","cellEnable":true,"expressionCode":"MENU LIST","objectRef":"da8e509a-43e5-4e31-ae9b-3b8d22b6d48c","editor":{"uuid":"e368f662-8b25-44e6-9a14-fccb9da24261","lastModified":true,"lastEdition":1713711252842},"jumpTo":null,"jumpFrom":[],"tags":[],"executionLimit":0,"children":[{"uuid":"07cdc72e-7c4e-431e-8456-96af4445dfea","cellFirst":false,"cellParentUUID":"18cfcce7-a316-4365-b7f7-2ff31a30e134","buttonParentUUID":"","flowUUID":"fe959f56-dbe3-447f-9136-80f051f0b594","draftText":null,"cellName":"WAIT_INPUT","cellType":"wait_input","modelVersion":"V5","cellEnable":true,"expressionCode":"WAIT_INPUT","objectRef":"cd1b0fc3-57b1-4c0f-95a3-f63ed2439887","editor":{"uuid":"e368f662-8b25-44e6-9a14-fccb9da24261","lastModified":true,"lastEdition":1714323539790},"jumpTo":null,"jumpFrom":[],"tags":[],"executionLimit":0,"children":[{"uuid":"421637c3-59bc-433f-b1cd-739d60cb7222","cellFirst":false,"cellParentUUID":"07cdc72e-7c4e-431e-8456-96af4445dfea","buttonParentUUID":"","flowUUID":"fe959f56-dbe3-447f-9136-80f051f0b594","draftText":null,"cellName":"select the value","cellType":"anything_else","modelVersion":null,"cellEnable":true,"expressionCode":"select the value","objectRef":"8e62363d-c9b8-4382-8e98-57085531ffcf","editor":{"uuid":"e368f662-8b25-44e6-9a14-fccb9da24261","lastModified":true,"lastEdition":1714323813369},"jumpTo":null,"jumpFrom":[],"tags":[],"executionLimit":5,"children":[],"options":[],"description":"","template":""},{"uuid":"1fe5e53a-b72f-4633-9611-9fb093b3aa05","cellFirst":false,"cellParentUUID":"07cdc72e-7c4e-431e-8456-96af4445dfea","buttonParentUUID":"","flowUUID":"fe959f56-dbe3-447f-9136-80f051f0b594","draftText":null,"cellName":"rule get list","cellType":"rule","modelVersion":"V5","cellEnable":true,"expressionCode":"rule get list","objectRef":null,"editor":{"uuid":"e368f662-8b25-44e6-9a14-fccb9da24261","lastModified":true,"lastEdition":1714323660351},"jumpTo":null,"jumpFrom":[],"tags":[],"executionLimit":null,"children":[{"uuid":"840f810d-f250-41a2-a39d-829bda6ebbb7","cellFirst":false,"cellParentUUID":"1fe5e53a-b72f-4633-9611-9fb093b3aa05","buttonParentUUID":"","flowUUID":"fe959f56-dbe3-447f-9136-80f051f0b594","draftText":null,"cellName":"selection ","cellType":"answer","modelVersion":"V5","cellEnable":true,"expressionCode":"selection ","objectRef":"cc3c3925-3fe4-420a-a9b6-bc7d5f6debca","editor":{"uuid":"e368f662-8b25-44e6-9a14-fccb9da24261","lastModified":true,"lastEdition":1714323692337},"jumpTo":null,"jumpFrom":[],"tags":[],"executionLimit":null,"children":[],"options":[],"description":"","template":null}],"options":[],"description":"","template":"(text==\"SECTION_2_ROW_1_ID\")"}],"options":[],"description":"","template":null}],"options":[],"description":"","template":""}],"options":[],"description":"","template":"(text == \"List\")"},{"uuid":"9db0b5dd-e4a5-48ef-8424-05913f1b16ec","cellFirst":false,"cellParentUUID":"95d0d72f-221f-4b1a-b37c-3d665caf6ac7","buttonParentUUID":"","flowUUID":"fe959f56-dbe3-447f-9136-80f051f0b594","draftText":null,"cellName":"ASK Buttons","cellType":"rule","modelVersion":"V5","cellEnable":true,"expressionCode":"ASK Buttons","objectRef":null,"editor":{"uuid":"e368f662-8b25-44e6-9a14-fccb9da24261","lastModified":true,"lastEdition":1713659342860},"jumpTo":null,"jumpFrom":[],"tags":[],"executionLimit":0,"children":[{"uuid":"702087f2-b735-42f1-a7c3-ba944b500927","cellFirst":false,"cellParentUUID":"9db0b5dd-e4a5-48ef-8424-05913f1b16ec","buttonParentUUID":"","flowUUID":"fe959f56-dbe3-447f-9136-80f051f0b594","draftText":null,"cellName":"buttons","cellType":"answer","modelVersion":"V5","cellEnable":true,"expressionCode":"buttons","objectRef":"3e578b38-12da-40d5-8e36-0a6fb30583c0","editor":{"uuid":"e368f662-8b25-44e6-9a14-fccb9da24261","lastModified":true,"lastEdition":1714313226490},"jumpTo":null,"jumpFrom":[],"tags":[],"executionLimit":0,"children":[{"uuid":"ee17417f-eca1-4e51-b9e9-8edec74fa8f9","cellFirst":false,"cellParentUUID":"702087f2-b735-42f1-a7c3-ba944b500927","buttonParentUUID":"","flowUUID":"fe959f56-dbe3-447f-9136-80f051f0b594","draftText":null,"cellName":"WAIT_INPUT","cellType":"wait_input","modelVersion":"V5","cellEnable":true,"expressionCode":"WAIT_INPUT","objectRef":"816572b8-8bdb-424c-af5d-eb4e14dacd72","editor":{"uuid":"e368f662-8b25-44e6-9a14-fccb9da24261","lastModified":true,"lastEdition":1714305465051},"jumpTo":null,"jumpFrom":[],"tags":[],"executionLimit":0,"children":[{"uuid":"f6fc267c-9706-4d03-b282-1dbd9676fd3d","cellFirst":false,"cellParentUUID":"ee17417f-eca1-4e51-b9e9-8edec74fa8f9","buttonParentUUID":null,"flowUUID":"fe959f56-dbe3-447f-9136-80f051f0b594","draftText":null,"cellName":"echoNotExpected","cellType":"anything_else","modelVersion":null,"cellEnable":true,"expressionCode":"echoNotExpected","objectRef":"8eac046c-dc96-4d9f-98db-e7379419ca49","editor":{"uuid":"e368f662-8b25-44e6-9a14-fccb9da24261","lastModified":true,"lastEdition":1714313578527},"jumpTo":null,"jumpFrom":[],"tags":[],"executionLimit":5,"children":[],"options":[],"description":"","template":""},{"uuid":"4e028c66-2ca9-47f6-bc51-4ef499cc2163","cellFirst":false,"cellParentUUID":"ee17417f-eca1-4e51-b9e9-8edec74fa8f9","buttonParentUUID":"","flowUUID":"fe959f56-dbe3-447f-9136-80f051f0b594","draftText":null,"cellName":"value1Button","cellType":"rule","modelVersion":"V5","cellEnable":true,"expressionCode":"value1Button","objectRef":null,"editor":{"uuid":"e368f662-8b25-44e6-9a14-fccb9da24261","lastModified":true,"lastEdition":1714313768217},"jumpTo":null,"jumpFrom":[],"tags":[],"executionLimit":null,"children":[{"uuid":"94332a40-4835-40cd-8959-5b9433e8451a","cellFirst":false,"cellParentUUID":"4e028c66-2ca9-47f6-bc51-4ef499cc2163","buttonParentUUID":"","flowUUID":"fe959f56-dbe3-447f-9136-80f051f0b594","draftText":null,"cellName":"ButtonValue1","cellType":"answer","modelVersion":"V5","cellEnable":true,"expressionCode":"ButtonValue1","objectRef":"a8e2c43e-d5e2-49b6-8dc3-e55310555955","editor":{"uuid":"e368f662-8b25-44e6-9a14-fccb9da24261","lastModified":true,"lastEdition":1714313142442},"jumpTo":null,"jumpFrom":[],"tags":[],"executionLimit":0,"children":[],"options":[],"description":"","template":""}],"options":[],"description":"","template":"(text==\"value1\")"},{"uuid":"e13954d0-5e96-42e3-9f12-bad4ea7de34d","cellFirst":false,"cellParentUUID":"ee17417f-eca1-4e51-b9e9-8edec74fa8f9","buttonParentUUID":"","flowUUID":"fe959f56-dbe3-447f-9136-80f051f0b594","draftText":null,"cellName":"value2Button","cellType":"rule","modelVersion":"V5","cellEnable":true,"expressionCode":"value2Button","objectRef":null,"editor":{"uuid":"e368f662-8b25-44e6-9a14-fccb9da24261","lastModified":true,"lastEdition":1714313816145},"jumpTo":null,"jumpFrom":[],"tags":[],"executionLimit":null,"children":[{"uuid":"93c332a0-9365-49e4-b8f3-5851d7a0b03a","cellFirst":false,"cellParentUUID":"e13954d0-5e96-42e3-9f12-bad4ea7de34d","buttonParentUUID":"","flowUUID":"fe959f56-dbe3-447f-9136-80f051f0b594","draftText":null,"cellName":"ButtonValue2","cellType":"answer","modelVersion":"V5","cellEnable":true,"expressionCode":"ButtonValue2","objectRef":"6b9bc27b-a10f-463e-aa67-35bdb79e89ca","editor":{"uuid":"e368f662-8b25-44e6-9a14-fccb9da24261","lastModified":true,"lastEdition":1714313838576},"jumpTo":null,"jumpFrom":[],"tags":[],"executionLimit":null,"children":[],"options":[],"description":null,"template":null}],"options":[],"description":"","template":"(text==\"value2\")"},{"uuid":"3926ef01-f94c-4aca-81f6-b1afcc783059","cellFirst":false,"cellParentUUID":"ee17417f-eca1-4e51-b9e9-8edec74fa8f9","buttonParentUUID":"","flowUUID":"fe959f56-dbe3-447f-9136-80f051f0b594","draftText":null,"cellName":"value3Button","cellType":"rule","modelVersion":"V5","cellEnable":true,"expressionCode":"value3Button","objectRef":null,"editor":{"uuid":"e368f662-8b25-44e6-9a14-fccb9da24261","lastModified":true,"lastEdition":1714313832307},"jumpTo":null,"jumpFrom":[],"tags":[],"executionLimit":null,"children":[{"uuid":"0cce5e7b-3d7b-4f9e-aec0-78eaa76c7320","cellFirst":false,"cellParentUUID":"3926ef01-f94c-4aca-81f6-b1afcc783059","buttonParentUUID":"","flowUUID":"fe959f56-dbe3-447f-9136-80f051f0b594","draftText":null,"cellName":"ButtonValue3","cellType":"answer","modelVersion":"V5","cellEnable":true,"expressionCode":"ButtonValue3","objectRef":"435299e2-495d-4753-b189-ebc0759eb303","editor":{"uuid":"e368f662-8b25-44e6-9a14-fccb9da24261","lastModified":true,"lastEdition":1714313847961},"jumpTo":null,"jumpFrom":[],"tags":[],"executionLimit":null,"children":[],"options":[],"description":null,"template":null}],"options":[],"description":"","template":"(text==\"value3\")"}],"options":[],"description":"","template":null}],"options":[],"description":"","template":""}],"options":[],"description":"","template":"(text==\"Buttons\")"},{"uuid":"58d8796b-f545-48ae-b321-b35d62603b95","cellFirst":false,"cellParentUUID":"95d0d72f-221f-4b1a-b37c-3d665caf6ac7","buttonParentUUID":"","flowUUID":"fe959f56-dbe3-447f-9136-80f051f0b594","draftText":null,"cellName":"ASK hyperlink","cellType":"rule","modelVersion":"V5","cellEnable":true,"expressionCode":"ASK hyperlink","objectRef":null,"editor":{"uuid":"e368f662-8b25-44e6-9a14-fccb9da24261","lastModified":true,"lastEdition":1713698084922},"jumpTo":null,"jumpFrom":[],"tags":[],"executionLimit":null,"children":[{"uuid":"c30b40ae-b09c-466d-a687-8358121323bf","cellFirst":false,"cellParentUUID":"58d8796b-f545-48ae-b321-b35d62603b95","buttonParentUUID":"","flowUUID":"fe959f56-dbe3-447f-9136-80f051f0b594","draftText":null,"cellName":"hyperlink ","cellType":"answer","modelVersion":"V5","cellEnable":true,"expressionCode":"hyperlink ","objectRef":"ea209dad-bf63-42b8-9237-cb504395a9fe","editor":{"uuid":"e368f662-8b25-44e6-9a14-fccb9da24261","lastModified":true,"lastEdition":1713698155875},"jumpTo":null,"jumpFrom":[],"tags":[],"executionLimit":null,"children":[],"options":[],"description":"","template":null}],"options":[],"description":"","template":"(text==\"Hyperlink\")"},{"uuid":"d2ae942b-21df-441d-8a42-a65aa3ed091d","cellFirst":false,"cellParentUUID":"95d0d72f-221f-4b1a-b37c-3d665caf6ac7","buttonParentUUID":"","flowUUID":"fe959f56-dbe3-447f-9136-80f051f0b594","draftText":null,"cellName":"ASK Video","cellType":"rule","modelVersion":"V5","cellEnable":true,"expressionCode":"ASK Video","objectRef":null,"editor":{"uuid":"e368f662-8b25-44e6-9a14-fccb9da24261","lastModified":true,"lastEdition":1713698425256},"jumpTo":null,"jumpFrom":[],"tags":[],"executionLimit":null,"children":[{"uuid":"c449072c-f03a-471b-840a-1ea591f73c7e","cellFirst":false,"cellParentUUID":"d2ae942b-21df-441d-8a42-a65aa3ed091d","buttonParentUUID":"","flowUUID":"fe959f56-dbe3-447f-9136-80f051f0b594","draftText":null,"cellName":"Video message","cellType":"answer","modelVersion":"V5","cellEnable":true,"expressionCode":"Video message","objectRef":"c58b45c0-49e0-4fc0-ad2a-41a8c830852e","editor":{"uuid":"e368f662-8b25-44e6-9a14-fccb9da24261","lastModified":true,"lastEdition":1713698492127},"jumpTo":null,"jumpFrom":[],"tags":[],"executionLimit":null,"children":[],"options":[],"description":"","template":null}],"options":[],"description":"","template":"(text == \"Video\")"},{"uuid":"e6c899a9-4335-4149-adf6-feb731704f34","cellFirst":false,"cellParentUUID":"95d0d72f-221f-4b1a-b37c-3d665caf6ac7","buttonParentUUID":"","flowUUID":"fe959f56-dbe3-447f-9136-80f051f0b594","draftText":null,"cellName":"Ask template","cellType":"rule","modelVersion":"V5","cellEnable":true,"expressionCode":"Ask template","objectRef":null,"editor":{"uuid":"e368f662-8b25-44e6-9a14-fccb9da24261","lastModified":true,"lastEdition":1713956821688},"jumpTo":null,"jumpFrom":[],"tags":[],"executionLimit":null,"children":[{"uuid":"91efbbda-6491-4a11-a46c-a4de2af0276d","cellFirst":false,"cellParentUUID":"e6c899a9-4335-4149-adf6-feb731704f34","buttonParentUUID":"","flowUUID":"fe959f56-dbe3-447f-9136-80f051f0b594","draftText":null,"cellName":"template message","cellType":"answer","modelVersion":"V5","cellEnable":true,"expressionCode":"template message","objectRef":"b13f237a-5968-4a30-bc53-dc0fa9241787","editor":{"uuid":"e368f662-8b25-44e6-9a14-fccb9da24261","lastModified":true,"lastEdition":1714365589393},"jumpTo":null,"jumpFrom":[],"tags":[],"executionLimit":0,"children":[],"options":[],"description":"","template":""}],"options":[],"description":"","template":"(text==\"Template\")"},{"uuid":"f2805567-3e3d-4053-9d3c-1f4b45b4a2c1","cellFirst":false,"cellParentUUID":"95d0d72f-221f-4b1a-b37c-3d665caf6ac7","buttonParentUUID":"","flowUUID":"fe959f56-dbe3-447f-9136-80f051f0b594","draftText":null,"cellName":"default","cellType":"rule","modelVersion":"V5","cellEnable":true,"expressionCode":"default","objectRef":null,"editor":{"uuid":"e368f662-8b25-44e6-9a14-fccb9da24261","lastModified":true,"lastEdition":1713956920410},"jumpTo":null,"jumpFrom":[],"tags":[],"executionLimit":null,"children":[{"uuid":"3dcc29e5-5915-4049-8b0c-8dd2c829c8b6","cellFirst":false,"cellParentUUID":"f2805567-3e3d-4053-9d3c-1f4b45b4a2c1","buttonParentUUID":"","flowUUID":"fe959f56-dbe3-447f-9136-80f051f0b594","draftText":null,"cellName":"echo","cellType":"answer","modelVersion":"V5","cellEnable":true,"expressionCode":"echo","objectRef":"ab0e8702-cdc7-45a2-b987-cabba25fb359","editor":{"uuid":"e368f662-8b25-44e6-9a14-fccb9da24261","lastModified":true,"lastEdition":1714305394386},"jumpTo":null,"jumpFrom":[],"tags":[],"executionLimit":null,"children":[],"options":[],"description":null,"template":null}],"options":[],"description":"","template":"true"}],"options":[],"description":null,"template":null},"createdAt":1712600418485,"updatedAt":1714393617723,"tags":null,"cellCount":33},{"uuid":"394f8bc9-03e6-4b84-93ae-f9672807f40f","name":"new user detected","description":"","type":"welcome","modelVersion":"V5","enabled":true,"createdBy":"e368f662-8b25-44e6-9a14-fccb9da24261","editors":[{"uuid":"e368f662-8b25-44e6-9a14-fccb9da24261","lastModified":true,"lastEdition":1714377665334}],"jumpFrom":null,"cell":{"uuid":"3f85d4af-7812-43b5-a400-ea536dd12406","cellFirst":true,"cellParentUUID":"","buttonParentUUID":"","flowUUID":"394f8bc9-03e6-4b84-93ae-f9672807f40f","draftText":null,"cellName":"START","cellType":"start","modelVersion":"V5","cellEnable":true,"expressionCode":"START","objectRef":null,"editor":{"uuid":"e368f662-8b25-44e6-9a14-fccb9da24261","lastModified":true,"lastEdition":1714365690020},"jumpTo":null,"jumpFrom":[],"tags":[],"executionLimit":null,"children":[{"uuid":"521df6af-a816-4a0d-8109-4f62dcbddcd1","cellFirst":false,"cellParentUUID":"3f85d4af-7812-43b5-a400-ea536dd12406","buttonParentUUID":"","flowUUID":"394f8bc9-03e6-4b84-93ae-f9672807f40f","draftText":null,"cellName":"new user","cellType":"answer","modelVersion":"V5","cellEnable":true,"expressionCode":"new user","objectRef":"4be58903-bfd7-414c-8777-f9a3e74b6b9c","editor":{"uuid":"e368f662-8b25-44e6-9a14-fccb9da24261","lastModified":true,"lastEdition":1714377665334},"jumpTo":null,"jumpFrom":[],"tags":[],"executionLimit":0,"children":[],"options":[],"description":"","template":""}],"options":[],"description":null,"template":null},"createdAt":1714365690013,"updatedAt":1714377665334,"tags":null,"cellCount":1}],"documents":[],"tags":[]}